case_id,category,file,sheet,row_start,row_end,name,type,description,institution,place,time_frame,participants,evaluator_role,data_type,data_source,complexity,year,citation
C01,Creative evaluation,Creative evaluation cases.xlsx,Creative Evaluation cases,2,5,"[{""value"": ""1. Beta_Space: Living laboratory for creative evaluation"", ""cell"": ""A2""}]","[{""value"": ""Experiment"", ""cell"": ""B2""}]","[{""value"": ""An experimental hybrid between a gallery and a living lab, located at the Powerhouse Museum. Beta_Space was designed to evaluate how the public interacts with interactive artworks in real-world settings. It enabled observation, documentation, and analysis of different levels of creative engagement using situated and reflective methods.\n"", ""cell"": ""C2""}]","[{""value"": ""Creativity and Cognition Studios.\nUniversity of Technology, Sydney"", ""cell"": ""D2""}]","[{""value"": ""Powerhouse Museum.\nSydney, Australia"", ""cell"": ""E2""}]","[{""value"": ""Multi-year (ongoing public installations)"", ""cell"": ""J2""}]","[{""value"": ""Museum visitors, general public"", ""cell"": ""K2""}]","[{""value"": ""Observers, facilitators, reflective practitioners"", ""cell"": ""L2""}]","[{""value"": ""Qualitative "", ""cell"": ""M2""}]","[{""value"": ""observational data"", ""cell"": ""N2""}, {""value"": ""interview transcripts"", ""cell"": ""N3""}, {""value"": ""behavioral tracking"", ""cell"": ""N4""}]","[{""value"": ""High – real-world interaction, multiple user profiles, dynamic systems"", ""cell"": ""O2""}]","[{""value"": ""2007–2011"", ""cell"": ""P2""}]","[{""value"": ""Candy, L. (2012). Evaluating Creativity, in Carroll, J. M. (Ed.), Creativity and Rationale, Springer, pp. 57–84."", ""cell"": ""Q2""}]"
C02,Creative evaluation,Creative evaluation cases.xlsx,Creative Evaluation cases,6,8,"[{""value"": ""2. COSTART Project (Art-Tech collaborations)"", ""cell"": ""A6""}]","[{""value"": ""Experiment / Collaboration study"", ""cell"": ""B6""}]","[{""value"": ""A collaboration initiative between artists and technologists aimed at understanding interdisciplinary creative processes. The project focused on evaluating the quality of collaboration, communication styles, and openness to iteration through participant observation and qualitative analysis.\n"", ""cell"": ""C6""}]","[{""value"": ""Creativity and Cognition Studios. \nUniversity of Technology, Sydney"", ""cell"": ""D6""}]","[{""value"": ""Art-tech residencies (university and lab settings).\nSydney, Australia"", ""cell"": ""E6""}]","[{""value"": ""Project-based (multiple residencies)"", ""cell"": ""J6""}]","[{""value"": ""Artists, technologists, creative collaborators"", ""cell"": ""K6""}]","[{""value"": "" Embedded researchers, communication analysts"", ""cell"": ""L6""}]","[{""value"": ""Qualitative"", ""cell"": ""M6""}]","[{""value"": ""communication records"", ""cell"": ""N6""}, {""value"": ""interviews"", ""cell"": ""N7""}, {""value"": ""field notes"", ""cell"": ""N8""}]","[{""value"": ""Medium – small creative teams, collaborative environments"", ""cell"": ""O6""}]","[{""value"": ""2002–2006"", ""cell"": ""P6""}]","[{""value"": ""Candy, L. (2012). Evaluating Creativity, in Carroll, J. M. (Ed.), Creativity and Rationale, Springer, pp. 57–84."", ""cell"": ""Q6""}]"
C03,Creative evaluation,Creative evaluation cases.xlsx,Creative Evaluation cases,9,11,"[{""value"": ""3. Bilda’s interactive art evaluations"", ""cell"": ""A9""}]","[{""value"": ""Experiment / Multi-case study"", ""cell"": ""B9""}]","[{""value"": ""A systematic study of ten interactive art systems, evaluating user engagement through observation and interviews. This work led to the development of the Creative Engagement Model, which identifies three levels of interaction: immediate, sustained, and creative engagement.\n"", ""cell"": ""C9""}]","[{""value"": ""Creativity and Cognition Studios. \nUniversity of Technology, Sydney"", ""cell"": ""D9""}]","[{""value"": ""University-based experimental setups with public.\nSydney, Australia"", ""cell"": ""E9""}]","[{""value"": ""2-year period"", ""cell"": ""J9""}]","[{""value"": ""General public, invited participants"", ""cell"": ""K9""}]","[{""value"": ""Researchers as observers and analysts"", ""cell"": ""L9""}]","[{""value"": ""Qualitative "", ""cell"": ""M9""}]","[{""value"": ""observation notes"", ""cell"": ""N9""}, {""value"": ""coded behaviors"", ""cell"": ""N10""}, {""value"": ""interviews"", ""cell"": ""N11""}]","[{""value"": ""High – ten systems, large user base"", ""cell"": ""O9""}]","[{""value"": ""2006–2008"", ""cell"": ""P9""}]","[{""value"": ""Candy, L. (2012). Evaluating Creativity, in Carroll, J. M. (Ed.), Creativity and Rationale, Springer, pp. 57–84."", ""cell"": ""Q9""}]"
C04,Creative evaluation,Creative evaluation cases.xlsx,Creative Evaluation cases,12,13,"[{""value"": ""4. Costello’s playful art systems"", ""cell"": ""A12""}]","[{""value"": ""Tool / Framework development"", ""cell"": ""B12""}]","[{""value"": ""Research on interactive art systems designed to evoke playfulness and emotional response. The project applied the Pleasure Framework to both design and evaluate aesthetic experiences, focusing on fantasy, discovery, subversion, and user delight.\n"", ""cell"": ""C12""}]","[{""value"": ""Creativity and Cognition Studios. \nUniversity of Technology, Sydney"", ""cell"": ""D12""}]","[{""value"": ""Studio settings and public engagement spaces"", ""cell"": ""E12""}]","[{""value"": ""Project-based (artwork development cycle)\n"", ""cell"": ""J12""}]","[{""value"": ""Interactive art audiences"", ""cell"": ""K12""}]","[{""value"": ""Artist-researcher as both designer and evaluator"", ""cell"": ""L12""}]","[{""value"": ""Qualitative "", ""cell"": ""M12""}]","[{""value"": ""participant feedback"", ""cell"": ""N12""}, {""value"": ""experiential descriptions"", ""cell"": ""N13""}]","[{""value"": ""Medium – focused on interaction qualities"", ""cell"": ""O12""}]","[{""value"": ""2007–2011"", ""cell"": ""P12""}]","[{""value"": ""Candy, L. (2012). Evaluating Creativity, in Carroll, J. M. (Ed.), Creativity and Rationale, Springer, pp. 57–84."", ""cell"": ""Q12""}]"
C05,Creative evaluation,Creative evaluation cases.xlsx,Creative Evaluation cases,14,18,"[{""value"": ""5. Creative evaluation"", ""cell"": ""A14""}]","[{""value"": ""Experiment / Method"", ""cell"": ""B14""}]","[{""value"": ""A three-session evaluation format designed to explore aesthetic experiences with interactive sound installations. Ten participants from artistic and design-related disciplines engaged with two sound installations (Random Access Lattice and Paris Flâneur) through a structured process involving free exploration, directed video creation, and the production of an individual artistic work. Each participant also wrote a short reflection. The method aimed to investigate whether artistic expression can serve as a form of evaluation in aesthetic contexts."", ""cell"": ""C14""}]","[{""value"": ""Graz University of Technology & University of Music and Performing Arts Graz.\nAustria\n"", ""cell"": ""D14""}]","[{""value"": ""Art and design research context, interactive sound installations (Random Access Lattice and Paris Flâneur)"", ""cell"": ""E14""}]","[{""value"": ""Three sessions engagement per participant (across two installation types)"", ""cell"": ""J14""}]","[{""value"": ""10 artists and post-graduate students in design, dance, music, music aesthetics, and computer music (5 men, 5 women)"", ""cell"": ""K14""}]","[{""value"": ""Designers of the evaluation protocol, observers of the process, curators of the final exhibition"", ""cell"": ""L14""}]","[{""value"": ""Qualitative "", ""cell"": ""M14""}]","[{""value"": ""artistic outputs (videos, artworks)"", ""cell"": ""N14""}, {""value"": ""written reflections"", ""cell"": ""N15""}, {""value"": ""live observation"", ""cell"": ""N16""}]","[{""value"": ""Medium to high – rich, interpretive outputs requiring situated analysis"", ""cell"": ""O14""}]","[{""value"": 2017, ""cell"": ""P14""}]","[{""value"": ""Marentakis, G., Pirrò, D., & Weger, M. (2017). Creative Evaluation. In Proceedings of DIS 2017, Edinburgh, UK.\n"", ""cell"": ""Q14""}]"
C06,Creative evaluation,Creative evaluation cases.xlsx,Creative Evaluation cases,19,22,"[{""value"": ""6. The influencing machine"", ""cell"": ""A19""}]","[{""value"": ""Interactive art installation /  Experiment"", ""cell"": ""B19""}]","[{""value"": ""An interactive art installation developed to explore emotional expression through bodily movement and visual feedback. Conducted in a staged non-laboratory setting, the study engaged 33 participants in small groups using a modified co-discovery method, followed by open-ended interviews. The evaluation sought to balance artistic ambiguity with HCI research, enabling participants to interpret and reflect on the installation without predefined goals. The study informed design revisions and contributed to discussions on how interactive art can be meaningfully evaluated.\n"", ""cell"": ""C19""}]","[{""value"": ""Swedish Institute of Computer Science (SICS) & Cornell University"", ""cell"": ""D19""}]","[{""value"": ""Laboratory environment staged in an old house (non-laboratory feel)"", ""cell"": ""E19""}]","[{""value"": ""Two user studies, each consisting of multiple small-group sessions (Study 1:12 users; Study 2:21 users)"", ""cell"": ""J19""}]","[{""value"": ""33 Swedish participants, aged 19–70, mixed gender, with varied exposure to art and technology\n"", ""cell"": ""K19""}]","[{""value"": ""Observers and designers, adapting lab evaluation for interpretive understanding; interpreters of user theories and reactions"", ""cell"": ""L19""}]","[{""value"": ""Qualitative "", ""cell"": ""M19""}]","[{""value"": ""group conversations"", ""cell"": ""N19""}, {""value"": ""user quotes"", ""cell"": ""N20""}, {""value"": ""behaviors during interaction"", ""cell"": ""N21""}, {""value"": ""interviews"", ""cell"": ""N22""}]","[{""value"": ""Mid – interpretive data, diverse reactions, subjective and culturally mediated insights"", ""cell"": ""O19""}]","[{""value"": 2003, ""cell"": ""P19""}]","[{""value"": ""Höök, K., Sengers, P., & Andersson, G. (2003). Sense and Sensibility: Evaluation and Interactive Art. CHI '03 Proceedings."", ""cell"": ""Q19""}]"
C07,Creative evaluation,Creative evaluation cases.xlsx,Creative Evaluation cases,23,25,"[{""value"": ""7. Talk2Me"", ""cell"": ""A23""}]","[{""value"": ""Exhibition/Interactive Art Evaluation"", ""cell"": ""B23""}]","[{""value"": ""An interactive art evaluation conducted at the ReActive exhibition in Brisbane (2006), where visitors engaged with the installation Talk2Me, created by the lead author. Participants were observed using shadowing and completed written questionnaires. Informal discussions also took place. The evaluation aimed to capture experiential, ludic, and interpretive engagement from a diverse local audience, with the artist acting as an embedded observer.\n"", ""cell"": ""C23""}]","[{""value"": ""Australasian CRC for Interaction Design, Creativity and Cognition Studios, University of Technology Sydney, Simon Fraser University"", ""cell"": ""D23""}]","[{""value"": ""Talk2Me: ReActive exhibition at The Block, Brisbane"", ""cell"": ""E23""}]","[{""value"": ""February 2006"", ""cell"": ""J23""}]","[{""value"": ""General public and creative professionals from the local community"", ""cell"": ""K23""}]","[{""value"": ""Artist (creator of the installation), situated observer, data collector"", ""cell"": ""L23""}]","[{""value"": ""Qualitative "", ""cell"": ""M23""}]","[{""value"": ""field notes"", ""cell"": ""N23""}, {""value"": ""conversations"", ""cell"": ""N24""}, {""value"": ""written responses"", ""cell"": ""N25""}]","[{""value"": ""Medium – single work, diverse public audience, embedded researcher"", ""cell"": ""O23""}]","[{""value"": ""2006 (study)"", ""cell"": ""P23""}]","[{""value"": ""Morrison, A., Loke, L., & Schiphorst, T. (2007). The Lens of Ludic Engagement. ACM Multimedia '07\n"", ""cell"": ""Q23""}]"
C08,Creative evaluation,Creative evaluation cases.xlsx,Creative Evaluation cases,26,29,"[{""value"": ""8. ACM Multimedia Interactive Arts Program"", ""cell"": ""A26""}]","[{""value"": ""Exhibition / Expert audience evaluation"", ""cell"": ""B26""}]","[{""value"": ""An evaluation study conducted during the ACM Multimedia Interactive Arts Program (Santa Barbara, 2006), observing how expert participants engaged with various interactive artworks. The evaluation included shadowing, questionnaires, and informal discussions. The authors used grounded theory to analyze the depth and quality of engagement, comparing it with data from a general audience in a separate exhibition. The study highlights how professional background influences interpretation and depth of ludic engagement.\n"", ""cell"": ""C26""}]","[{""value"": ""Australasian CRC for Interaction Design, Creativity and Cognition Studios, University of Technology Sydney, Simon Fraser University"", ""cell"": ""D26""}]","[{""value"": ""ACM Multimedia Interactive Arts Program, Santa Barbara, USA"", ""cell"": ""E26""}]","[{""value"": ""November 2006"", ""cell"": ""J26""}]","[{""value"": ""Experts and professionals in art, design, multimedia, and interaction"", ""cell"": ""K26""}]","[{""value"": ""External observer, data collector, comparative analyst"", ""cell"": ""L26""}]","[{""value"": ""Qualitative "", ""cell"": ""M26""}]","[{""value"": ""questionnaires"", ""cell"": ""N26""}, {""value"": ""observation notes"", ""cell"": ""N27""}, {""value"": ""interview content"", ""cell"": ""N28""}]","[{""value"": ""Mid – multiple artworks, expert participants, cross-case comparison"", ""cell"": ""O26""}]","[{""value"": ""2006 (study)"", ""cell"": ""P26""}]","[{""value"": ""Morrison, A., Loke, L., & Schiphorst, T. (2007). The Lens of Ludic Engagement. ACM Multimedia '07"", ""cell"": ""Q26""}]"
C09,Creative evaluation,Creative evaluation cases.xlsx,Creative Evaluation cases,30,34,"[{""value"": ""9. MANIFESTO – Revelations of an Artist"", ""cell"": ""A30""}]","[{""value"": ""Participatory Creative Project / Installation + Performance"", ""cell"": ""B30""}]","[{""value"": ""MANIFESTO – Revelations of an Artist was a participatory creative project developed by Milk Crate Theatre’s Waterloo Creative Ensemble over 16 weeks. Through a series of workshops and co-creation sessions, Collaborative Artists produced a multi-sensory installation combining sculpture, sound, text, and live performance. The project allowed marginalized artists to express their lived experiences and personal identities, culminating in a public exhibition that invited audiences into their creative worlds. The evaluation emphasized the experiential impact of both the creative process and public engagement.\n"", ""cell"": ""C30""}]","[{""value"": ""Milk Crate Theatre"", ""cell"": ""D30""}]","[{""value"": ""Waterloo, Australia – developed with the Waterloo Creative Ensemble"", ""cell"": ""E30""}]","[{""value"": ""16 weeks of development (leading to November 2023)"", ""cell"": ""J30""}]","[{""value"": "" Collaborative Artists (artists with lived experience of homelessness, mental health challenges, or social marginalization)"", ""cell"": ""K30""}]","[{""value"": ""Facilitators and co-creators; supported the creative process without imposing external frameworks"", ""cell"": ""L30""}]","[{""value"": ""Qualitative "", ""cell"": ""M30""}]","[{""value"": ""artistic outputs (objects, texts, sounds, performances)"", ""cell"": ""N30""}, {""value"": ""participant feedback"", ""cell"": ""N31""}, {""value"": ""audience reactions"", ""cell"": ""N32""}]","[{""value"": ""High – multi-sensory, interdisciplinary, deeply personal content"", ""cell"": ""O30""}]","[{""value"": 2023, ""cell"": ""P30""}]","[{""value"": ""Milk Crate Theatre 2023 Annual Impact Report\nWainwright, J. (2023). Milk Crate Theatre 2023 Annual Impact Report. https://www.milkcratetheatre.com/single-post/2023-annual-impact-report"", ""cell"": ""Q30""}]"
C10,Creative evaluation,Creative evaluation cases.xlsx,Creative Evaluation cases,35,38,"[{""value"": ""10. ALLEGORY Creative Workshops for People Living with Disability"", ""cell"": ""A35""}]","[{""value"": ""Workshop Series / Artistic Capacity Building"", ""cell"": ""B35""}]","[{""value"": ""ALLEGORY was a series of participatory creative workshops facilitated by Milk Crate Theatre to engage people living with disability in artistic self-expression. Held at Parramatta Artists’ Studios and Milk Crate spaces, the program involved creative writing, visual arts, movement, and performance exercises. Participants developed individual and collective artworks, while the process fostered personal empowerment, creative skill-building, and peer support. The evaluation emphasized participants’ reflective feedback on their creative growth and sense of inclusion.\n"", ""cell"": ""C35""}]","[{""value"": ""Milk Crate Theatre"", ""cell"": ""D35""}]","[{""value"": ""Parramatta Artists’ Studios and Milk Crate Theatre spaces, Australia"", ""cell"": ""E35""}]","[{""value"": ""Conducted during 2023 (specific months not detailed)"", ""cell"": ""J35""}]","[{""value"": ""Artists living with disability (community members engaged through Milk Crate Theatre’s access programs)"", ""cell"": ""K35""}]","[{""value"": ""Facilitators and co-creators; guided creative processes, provided supportive environments for self-expression\n"", ""cell"": ""L35""}]","[{""value"": ""Qualitative"", ""cell"": ""M35""}]","[{""value"": ""creative outputs (texts, artworks, performances)"", ""cell"": ""N35""}, {""value"": ""participant reflections"", ""cell"": ""N36""}, {""value"": ""facilitator observations"", ""cell"": ""N37""}]","[{""value"": ""Medium to High – varied participant needs, inclusive creative processes across media"", ""cell"": ""O35""}]","[{""value"": 2023, ""cell"": ""P35""}]","[{""value"": ""Milk Crate Theatre 2023 Annual Impact Report\nWainwright, J. (2023). Milk Crate Theatre 2023 Annual Impact Report. https://www.milkcratetheatre.com/single-post/2023-annual-impact-report"", ""cell"": ""Q35""}]"
C11,Creative evaluation,Creative evaluation cases.xlsx,Creative Evaluation cases,39,43,"[{""value"": ""11. SOLACE"", ""cell"": ""A39""}]","[{""value"": ""Participatory Immersive Theatre and Digital Installation"", ""cell"": ""B39""}]","[{""value"": ""SOLACE was an immersive performance developed by Milk Crate Theatre in partnership with Box of Birds. Directed by Margot Politis and David Clarkson, and devised with the Collaborative Artists, it sought to physicalize the thoughts, impulses, and sensations driving the pursuit of comfort. Over three months of creative development, the Collaborative Artists engaged deeply with personal and artistic challenges, emerging with a powerful, unapologetic performance blending movement, text, and interactive digital projections. SOLACE not only showcased artistic growth but also celebrated the empowerment and visibility of marginalized voices within broader cultural spaces.\n"", ""cell"": ""C39""}]","[{""value"": ""Milk Crate Theatre, in collaboration with Box of Birds"", ""cell"": ""D39""}]","[{""value"": ""Carriageworks, Sydney, Australia"", ""cell"": ""E39""}]","[{""value"": ""Three months of creative development in 2023, culminating in public performances\n"", ""cell"": ""J39""}]","[{""value"": ""Milk Crate Theatre Collaborative Artists (artists with lived experience of homelessness, mental health challenges, or social exclusion)\n"", ""cell"": ""K39""}]","[{""value"": ""Co-directors (Margot Politis and David Clarkson) and facilitators of the creative process; support artists and social workers provided personal and artistic support\n"", ""cell"": ""L39""}]","[{""value"": ""Qualitative "", ""cell"": ""M39""}]","[{""value"": ""artistic outputs (movement, text, projections)"", ""cell"": ""N39""}, {""value"": ""participant reflections"", ""cell"": ""N40""}, {""value"": ""audience experience observations"", ""cell"": ""N41""}]","[{""value"": ""High – interdisciplinary, physical-digital integration, deep personal and emotional engagement"", ""cell"": ""O39""}]","[{""value"": 2023, ""cell"": ""P39""}]","[{""value"": ""Milk Crate Theatre 2023 Annual Impact Report\nWainwright, J. (2023). Milk Crate Theatre 2023 Annual Impact Report. https://www.milkcratetheatre.com/single-post/2023-annual-impact-report"", ""cell"": ""Q39""}]"
C12,Creative evaluation,Creative evaluation cases.xlsx,Creative Evaluation cases,44,47,"[{""value"": ""12. EMERGENCE Exhibition"", ""cell"": ""A44""}]","[{""value"": ""Participatory Retrospective Exhibition and Community Engagement Events"", ""cell"": ""B44""}]","[{""value"": ""EMERGENCE was a curated retrospective exhibition celebrating 24 years of Milk Crate Theatre’s history, remounted at 107 Projects Redfern in March 2023 after its original presentation was impacted by COVID lockdowns. Curated by Artistic Director Margot Politis, the exhibition included photographic and video works from 1999 through 2022, featuring major projects such as DUST and WATERLOO. Community engagement was central to the exhibition, with events including an Opening Night, an Open Mic Night, and an Artist Q&A, bringing together past and present Collaborative Artists and supporters to celebrate the collective creative strength of the community.\n"", ""cell"": ""C44""}]","[{""value"": ""Milk Crate Theatre"", ""cell"": ""D44""}]","[{""value"": ""107 Projects Redfern, Sydney, Australia (remounted in 2023; originally presented at Vandal Gallery in 2021)"", ""cell"": ""E44""}]","[{""value"": ""Originally planned 2021; remounted and executed March 2023"", ""cell"": ""J44""}]","[{""value"": ""Milk Crate Theatre Collaborative Artists (past and present), photographers, filmmakers, CACD community members, general public"", ""cell"": ""K44""}]","[{""value"": ""Curator (Margot Politis) and event facilitators; supported collective memory sharing and visibility of marginalized voices\n"", ""cell"": ""L44""}]","[{""value"": ""Qualitative "", ""cell"": ""M44""}]","[{""value"": ""visual documentation (photos, videos)"", ""cell"": ""N44""}, {""value"": ""public event feedback"", ""cell"": ""N45""}, {""value"": ""artists' narratives"", ""cell"": ""N46""}]","[{""value"": ""Medium – multi-generational participation, memory work, community-focused engagement"", ""cell"": ""O44""}]","[{""value"": ""2023 (remounted)"", ""cell"": ""P44""}]","[{""value"": ""Milk Crate Theatre 2023 Annual Impact Report\nWainwright, J. (2023). Milk Crate Theatre 2023 Annual Impact Report. https://www.milkcratetheatre.com/single-post/2023-annual-impact-report"", ""cell"": ""Q44""}]"
C13,Creative evaluation,Creative evaluation cases.xlsx,Creative Evaluation cases,48,51,"[{""value"": ""13. MCT ON TOUR – Regional Creative Workshops\n"", ""cell"": ""A48""}]","[{""value"": ""Participatory Regional Workshop Series / Skill Building and Creative Exchange"", ""cell"": ""B48""}]","[{""value"": ""In May and June 2023, Milk Crate Theatre embarked on its first regional workshop tour across New South Wales, offering creative workshops facilitated by Artistic Director Margot Politis. Hosted by local arts organizations, the workshops focused on PROCESS (inclusive material making) and PRACTICE (embodiment and collaborative play). Participants from Newcastle, Wagga Wagga, Bathurst, Parkes, and Lismore engaged in dynamic sessions aimed at skill-building and creative empowerment. Participant feedback highlighted significant learning in collaborative creative practices."", ""cell"": ""C48""}]","[{""value"": ""Milk Crate Theatre"", ""cell"": ""D48""}]","[{""value"": ""Regional NSW (Newcastle, Wagga Wagga, Bathurst, Parkes, Lismore)"", ""cell"": ""E48""}]","[{""value"": ""May–June 2023"", ""cell"": ""J48""}]","[{""value"": ""Regional artists, community members, local arts organizations, disability service participants"", ""cell"": ""K48""}]","[{""value"": ""Workshop facilitator (Margot Politis) and local organizational hosts supported the sessions and collected feedback\n"", ""cell"": ""L48""}]","[{""value"": ""Qualitative and Quantitative"", ""cell"": ""M48""}]","[{""value"": ""participant feedback surveys"", ""cell"": ""N48""}, {""value"": ""observational data"", ""cell"": ""N49""}]","[{""value"": ""Medium – multiple locations, varying participant groups, skill-building emphasis"", ""cell"": ""O48""}]","[{""value"": 2023, ""cell"": ""P48""}]","[{""value"": ""Milk Crate Theatre 2023 Annual Impact Report\nWainwright, J. (2023). Milk Crate Theatre 2023 Annual Impact Report. https://www.milkcratetheatre.com/single-post/2023-annual-impact-report"", ""cell"": ""Q48""}]"
C14,Creative evaluation,Creative evaluation cases.xlsx,Creative Evaluation cases,52,55,"[{""value"": ""14. Developing Artist Program (HEADWAY and GENERATE)"", ""cell"": ""A52""}]","[{""value"": ""Capacity Building and Creative Project Development Program"", ""cell"": ""B52""}]","[{""value"": ""Milk Crate Theatre’s Developing Artist Program (DAP) in 2023 included two key components: HEADWAY and GENERATE. HEADWAY offered Collaborative Artists a 10-week course in skills development for self-producing their own creative work, focusing on artistic identity, project planning, critical reflection, and self-care. GENERATE provided six Collaborative Artists with a nine-week residency to develop their individual creative projects, supported through a makerspace structure, mentorship, and dramaturgical guidance. The program culminated in internal sharings of works-in-progress. Both stages emphasized building confidence, artistic agency, and resilience among artists with lived experiences of marginalization.\n"", ""cell"": ""C52""}]","[{""value"": ""Milk Crate Theatre"", ""cell"": ""D52""}]","[{""value"": ""Milk Crate Theatre, Sydney, Australia"", ""cell"": ""E52""}]","[{""value"": ""HEADWAY – 10 weeks; GENERATE – 9 weeks, during 2023"", ""cell"": ""J52""}]","[{""value"": ""Collaborative Artists "", ""cell"": ""K52""}]","[{""value"": ""Artistic mentors as facilitators and supporters of self-directed development"", ""cell"": ""L52""}]","[{""value"": ""Qualitative "", ""cell"": ""M52""}]","[{""value"": ""self-assessment reflections"", ""cell"": ""N52""}, {""value"": ""workshop feedback"", ""cell"": ""N53""}, {""value"": ""observed changes in confidence and creative output"", ""cell"": ""N54""}]","[{""value"": ""High – personalized projects, psychological/emotional support needs, creative autonomy focus"", ""cell"": ""O52""}]","[{""value"": 2023, ""cell"": ""P52""}]","[{""value"": ""Milk Crate Theatre 2023 Annual Impact Report\nWainwright, J. (2023). Milk Crate Theatre 2023 Annual Impact Report. https://www.milkcratetheatre.com/single-post/2023-annual-impact-report"", ""cell"": ""Q52""}]"
C15,Creative evaluation,Creative evaluation cases.xlsx,Creative Evaluation cases,56,59,"[{""value"": ""15. Smartphone Filmmaking with SF3 – HopeStreet Youth Services"", ""cell"": ""A56""}]","[{""value"": ""Workshop Series"", ""cell"": ""B56""}]","[{""value"": ""A 10-week participatory filmmaking program where young people from HopeStreet Youth Services collaboratively created a short film using smartphones. The film, Let Him Out, was successfully screened at the SF3 Film Festival and awarded Best Lead Actor. The project focused on building storytelling, technical, and collaboration skills while fostering creativity, confidence, and teamwork among participants.\n"", ""cell"": ""C56""}]","[{""value"": ""Milk Crate Theatre (in collaboration with SF3 and HopeStreet Youth Services)"", ""cell"": ""D56""}]","[{""value"": ""HopeStreet Youth Services, NSW, Australia"", ""cell"": ""E56""}]","[{""value"": ""10 weeks (2023)"", ""cell"": ""J56""}]","[{""value"": ""Young people from HopeStreet Youth Services"", ""cell"": ""K56""}]","[{""value"": ""Lead Artist (Angela Blake) and Support Artist (Shalane Connors) as facilitators and technical mentors"", ""cell"": ""L56""}]","[{""value"": ""Qualitative "", ""cell"": ""M56""}]","[{""value"": ""film production output"", ""cell"": ""N56""}, {""value"": ""festival recognition"", ""cell"": ""N57""}, {""value"": ""observational reports"", ""cell"": ""N58""}]","[{""value"": ""Medium – collaborative creative production, youth-led storytelling"", ""cell"": ""O56""}]","[{""value"": 2023, ""cell"": ""P56""}]","[{""value"": ""Milk Crate Theatre 2023 Annual Impact Report\nWainwright, J. (2023). Milk Crate Theatre 2023 Annual Impact Report. https://www.milkcratetheatre.com/single-post/2023-annual-impact-report"", ""cell"": ""Q56""}]"
C16,Creative evaluation,Creative evaluation cases.xlsx,Creative Evaluation cases,60,63,"[{""value"": ""16. Twenty10 – Storytelling and Scriptwriting Workshops"", ""cell"": ""A60""}]","[{""value"": ""Workshop Series"", ""cell"": ""B60""}]","[{""value"": ""Nine-week participatory storytelling and scriptwriting workshops for LGBTIA+ young adults at Twenty10, focusing on developing original scripts and growing creative confidence. Participants engaged in guided writing exercises, iterative script development, and reflection on personal creative journeys.\n"", ""cell"": ""C60""}]","[{""value"": ""Milk Crate Theatre (in collaboration with Twenty10)"", ""cell"": ""D60""}]","[{""value"": ""Twenty10, Chippendale, NSW, Australia"", ""cell"": ""E60""}]","[{""value"": ""9 weeks (2023)"", ""cell"": ""J60""}]","[{""value"": ""LGBTIA+ young adults from the Twenty10 community\n"", ""cell"": ""K60""}]","[{""value"": ""Lead Artist (Charley Sanders) and Support Artist (Lu Bradshaw) as creative writing facilitators"", ""cell"": ""L60""}]","[{""value"": ""Qualitative "", ""cell"": ""M60""}]","[{""value"": ""original scripts"", ""cell"": ""N60""}, {""value"": ""participant reflections"", ""cell"": ""N61""}, {""value"": ""facilitator observations"", ""cell"": ""N62""}]","[{""value"": ""Medium – narrative development with an inclusive, identity-affirming focus"", ""cell"": ""O60""}]","[{""value"": 2023, ""cell"": ""P60""}]","[{""value"": ""Milk Crate Theatre 2023 Annual Impact Report\nWainwright, J. (2023). Milk Crate Theatre 2023 Annual Impact Report. https://www.milkcratetheatre.com/single-post/2023-annual-impact-report"", ""cell"": ""Q60""}]"
C17,Creative evaluation,Creative evaluation cases.xlsx,Creative Evaluation cases,64,67,"[{""value"": ""17. Drama + Creative Play Workshops – HopeStreet and Weave"", ""cell"": ""A64""}]","[{""value"": ""Theatre Workshops"", ""cell"": ""B64""}]","[{""value"": ""Eight-week drama and creative play workshops held with HopeStreet Youth Services and Weave Youth & Community Services. Participants explored improvisation, physical theatre, and movement, fostering creative confidence, relational skills, and expressive freedom through playful group activities.\n"", ""cell"": ""C64""}]","[{""value"": ""Milk Crate Theatre (in collaboration with HopeStreet Youth Services and Weave Youth & Community Services)"", ""cell"": ""D64""}]","[{""value"": ""HopeStreet and Weave, NSW, Australia"", ""cell"": ""E64""}]","[{""value"": ""8-week rounds (2023)"", ""cell"": ""J64""}]","[{""value"": ""Youth participants from HopeStreet and Weave communities"", ""cell"": ""K64""}]","[{""value"": ""Lead Artists (Alison Bennett for HopeStreet, Aslam Abdus-samad for Weave) and Support Artist (Olivia Aleksoski) facilitating workshops\n"", ""cell"": ""L64""}]","[{""value"": ""Qualitative"", ""cell"": ""M64""}]","[{""value"": ""observational reports"", ""cell"": ""N64""}, {""value"": ""participant feedback"", ""cell"": ""N65""}]","[{""value"": ""Medium – improvisational, relational, high emotional variability"", ""cell"": ""O64""}]","[{""value"": 2023, ""cell"": ""P64""}]","[{""value"": ""Milk Crate Theatre 2023 Annual Impact Report\nWainwright, J. (2023). Milk Crate Theatre 2023 Annual Impact Report. https://www.milkcratetheatre.com/single-post/2023-annual-impact-report"", ""cell"": ""Q64""}]"
C18,Creative evaluation,Creative evaluation cases.xlsx,Creative Evaluation cases,68,71,"[{""value"": ""18. Interdisciplinary Collaborative Student Symposium – Monash University"", ""cell"": ""A68""}]","[{""value"": ""Project"", ""cell"": ""B68""}]","[{""value"": ""In a course focused on \""Art and Social Change,\"" Monash University implemented an interdisciplinary Student Symposium designed to foster collaboration across creative arts and related fields. Students from diverse disciplines worked together to create participatory artworks, zines, blogs, and proposals that explored themes of social engagement and transformation. The process was supported by digital collaboration tools and framed through interdisciplinary learning goals. Evaluation was conducted through pre- and post-course surveys, peer feedback, and reflective journals. Findings indicated growth in students' appreciation of collaboration, creative risk-taking, and interdisciplinary learning.\n"", ""cell"": ""C68""}]","[{""value"": ""Monash University, Faculty of Art and Design (Australia)"", ""cell"": ""D68""}]","[{""value"": ""Undergraduate course \""Art and Social Change\"" (Monash University)\n"", ""cell"": ""E68""}]","[{""value"": ""Semester-long project"", ""cell"": ""J68""}]","[{""value"": ""Undergraduate students from multiple disciplines (art, design, humanities, law, etc.)"", ""cell"": ""K68""}]","[{""value"": ""Educators facilitated interdisciplinary teamwork, monitored creative processes, and gathered data through surveys and observations"", ""cell"": ""L68""}]","[{""value"": ""Quantitative "", ""cell"": ""M68""}, {""value"": ""Qualitative"", ""cell"": ""M69""}]","[{""value"": ""pre- and post-course surveys"", ""cell"": ""N68""}, {""value"": ""creative outputs"", ""cell"": ""N69""}, {""value"": ""reflective journals"", ""cell"": ""N70""}, {""value"": ""peer feedback"", ""cell"": ""N71""}]","[{""value"": ""High – interdisciplinary coordination, creative collaboration, peer assessment integration"", ""cell"": ""O68""}]","[{""value"": ""2014–2015"", ""cell"": ""P68""}]","[{""value"": ""Miles, M., & Rainbird, S. (2015). Evaluating interdisciplinary collaborative learning and assessment in the creative arts and humanities. Arts and Humanities in Higher Education, 14(4), 409–425. https://doi.org/10.1177/1474022214561759"", ""cell"": ""Q68""}]"
C19,Creative evaluation,Creative evaluation cases.xlsx,Creative Evaluation cases,72,76,"[{""value"": ""19. Evaluation of the BadIdeas Method"", ""cell"": ""A72""}]","[{""value"": ""Method"", ""cell"": ""B72""}]","[{""value"": ""The BadIdeas Method was evaluated in an experimental study involving 87 undergraduate students at the University of Central Lancashire. Students engaged in ideation tasks for designing public interfaces for children under varying conditions: with/without facilitation, individually/in groups, with/without an initial brainstorming session. Creativity was assessed through the number and quality of ideas generated, and participant experiences were measured via surveys on enjoyment and learning. Results were synthesized using a composite Value Metric, providing insights into how creative methods can be evaluated in participatory design contexts.\n"", ""cell"": ""C72""}]","[{""value"": ""University of Central Lancashire, United Kingdom"", ""cell"": ""D72""}]","[{""value"": ""Undergraduate courses in Computer Science (focused on designing public interfaces for children)"", ""cell"": ""E72""}]","[{""value"": ""Single session experiments conducted during the course"", ""cell"": ""J72""}]","[{""value"": ""87 undergraduate students from Computer Science and related fields"", ""cell"": ""K72""}]","[{""value"": ""Researchers acted as facilitators and evaluators, guiding some sessions and measuring outputs across conditions"", ""cell"": ""L72""}]","[{""value"": ""Quantitative"", ""cell"": ""M72""}]","[{""value"": ""number of ideas"", ""cell"": ""N72""}, {""value"": ""quality ratings"", ""cell"": ""N73""}, {""value"": ""survey results"", ""cell"": ""N74""}]","[{""value"": ""Medium – multi-variable experimental setup, creative task assessment"", ""cell"": ""O72""}]","[{""value"": 2010, ""cell"": ""P72""}]","[{""value"": ""Silva, P. A., & Read, J. C. (2010). A methodology to evaluate creative design methods: A study with the BadIdeas method. Proceedings of the 22nd Conference of the Computer-Human Interaction Special Interest Group of Australia on Computer-Human Interaction, 264–271. https://doi.org/10.1145/1952222.1952279"", ""cell"": ""Q72""}]"
C20,Creative evaluation,Creative evaluation cases.xlsx,Creative Evaluation cases,77,80,"[{""value"": ""20. Creative Evaluation Using Tri-Fold Displays"", ""cell"": ""A77""}]","[{""value"": ""Experiment"", ""cell"": ""B77""}]","[{""value"": ""At the South Texas Buckskin Brigade youth camp, participants created tri-fold displays to synthesize and visually communicate their most significant learning experiences. These displays were presented to their peers and local communities. Facilitators then analyzed the displays to extract thematic patterns of learning across participants. This creative evaluation approach encouraged self-reflection, peer-to-community knowledge sharing, and allowed educators to qualitatively assess participant outcomes in an engaging and participatory manner.\n"", ""cell"": ""C77""}]","[{""value"": ""Texas A&M AgriLife Extension (South Texas Buckskin Brigade program)"", ""cell"": ""D77""}]","[{""value"": ""Wildlife conservation youth camp, Texas, USA"", ""cell"": ""E77""}]","[{""value"": ""End of camp program (single event, no specific long-term follow-up)"", ""cell"": ""J77""}]","[{""value"": ""Youth participants of the South Texas Buckskin Brigade camp"", ""cell"": ""K77""}]","[{""value"": ""Facilitators/educators observed, analyzed the displays, categorized themes of learning"", ""cell"": ""L77""}]","[{""value"": ""Qualitative "", ""cell"": ""M77""}]","[{""value"": ""visual documentation (displays)"", ""cell"": ""N77""}, {""value"": ""thematic categorization of participant learning outcomes"", ""cell"": ""N78""}]","[{""value"": ""Low to Medium – simple creative output, open-ended participant interpretation"", ""cell"": ""O77""}]","[{""value"": ""early 2000s to mid-2000s"", ""cell"": ""P77""}]","[{""value"": ""Boleman, C. T., Rollins, D., & Pierce, L. W. (2009). Creative approach to evaluating: The tri-fold display example. 47."", ""cell"": ""Q77""}]"
C21,Creative evaluation,Creative evaluation cases.xlsx,Creative Evaluation cases,81,85,"[{""value"": ""21. Repeated Exposure to an Automobile Design Prototype"", ""cell"": ""A81""}]","[{""value"": ""Prototype "", ""cell"": ""B81""}]","[{""value"": ""In this study, Coughlan and Mashman explored how repeated exposure influences aesthetic appreciation of an automobile prototype. Participants first evaluated the design, maintained daily audio diaries of their impressions, and joined initial focus groups. After three months, they reassessed the design in a second session and reflected again through group discussions. The findings revealed that aesthetic appreciation often increased with familiarity, providing valuable insights for design evaluation strategies that account for temporal perception shifts.\n"", ""cell"": ""C81""}]","[{""value"": ""Collaboration between IDEO and University of California, San Diego"", ""cell"": ""D81""}]","[{""value"": ""USA"", ""cell"": ""E81""}]","[{""value"": ""Two sessions separated by a 3-month gap (with daily reflections during the first 3-4 days)"", ""cell"": ""J81""}]","[{""value"": ""30 automobile owners (target consumers familiar with Japanese car brands)"", ""cell"": ""K81""}]","[{""value"": ""Facilitators of exposure sessions, data collectors, analysts of aesthetic evaluation patterns"", ""cell"": ""L81""}]","[{""value"": ""Qualitative "", ""cell"": ""M81""}, {""value"": ""Quantitative "", ""cell"": ""M83""}]","[{""value"": ""audio reflections"", ""cell"": ""N81""}, {""value"": ""focus group data"", ""cell"": ""N82""}, {""value"": ""questionnaires"", ""cell"": ""N83""}]","[{""value"": ""Medium to High (longitudinal tracking, subjective perception measurement)"", ""cell"": ""O81""}]","[{""value"": 1996, ""cell"": ""P81""}]","[{""value"": ""Coughlan, P., & Mashman, R. (1999). Once is not enough: Repeated exposure to and aesthetic evaluation of an automobile design prototype. Design Studies, 20(6). https://www.researchgate.net/publication/245154288_Once_is_not_enough_Repeated_exposure_to_and_aesthetic_evaluation_of_an_automobile_design_prototype"", ""cell"": ""Q81""}]"
P01,Participatory evaluation,Participatory evaluation cases.xlsx,Participatory Evaluation cases,2,5,"[{""value"": ""1. Deep South Network for Cancer Control (DSN)"", ""cell"": ""A2""}]","[{""value"": ""Community-Based Participatory Evaluation / Health Equity Intervention"", ""cell"": ""B2""}]","[{""value"": ""The Deep South Network for Cancer Control (DSN) was a community–academic partnership led by the University of Alabama at Birmingham to address cancer disparities in underserved African American communities across Alabama and Mississippi. Through the recruitment and training of Community Health Advisors (CHAs), the program implemented culturally grounded health interventions and engaged local communities in the participatory evaluation of their impact. Evaluation included both tracking health behavior outcomes and collecting feedback from community members to guide ongoing adaptation and learning.\n"", ""cell"": ""C2""}]","[{""value"": ""University of Alabama at Birmingham"", ""cell"": ""D2""}]","[{""value"": ""Underserved African-American communities in Alabama and Mississippi, USA"", ""cell"": ""E2""}]","[{""value"": ""2000–2007"", ""cell"": ""J2""}]","[{""value"": ""20 Community Coalitions (10 in each state); local health advisors; university researchers"", ""cell"": ""K2""}]","[{""value"": ""Facilitators and collaborators; guided participatory processes, co-developed evaluation tools, interpreted outcomes with community input"", ""cell"": ""L2""}]","[{""value"": ""Qualitative and Quantitative"", ""cell"": ""M2""}]","[{""value"": ""health behavior tracking"", ""cell"": ""N2""}, {""value"": ""campaign tracking"", ""cell"": ""N3""}, {""value"": ""participant feedback"", ""cell"": ""N4""}]","[{""value"": ""High – multi-county implementation, community–academic coordination, health disparities focus"", ""cell"": ""O2""}]","[{""value"": 2009, ""cell"": ""P2""}]","[{""value"": ""Scarinci, I. C., Johnson, R. E., Hardy, C., Marron, J., & Partridge, E. E. (2009). Planning and implementation of a participatory evaluation strategy: A viable approach in the evaluation of community-based participatory programs addressing cancer disparities. Evaluation and Program Planning, 32(3), 221–228. https://doi.org/10.1016/j.evalprogplan.2009.01.001"", ""cell"": ""Q2""}]"
P02,Participatory evaluation,Participatory evaluation cases.xlsx,Participatory Evaluation cases,6,9,"[{""value"": ""2. Participatory Evaluation in a Community Economic Development Organization"", ""cell"": ""A6""}]","[{""value"": ""Evaluation / Experiment in an organizational setting"", ""cell"": ""B6""}]","[{""value"": ""This case study describes a participatory evaluation conducted within a community economic development organization in a gentrifying urban neighborhood in Canada. Over 15 months, organization staff, board members, and project users co-led the evaluation process, defining questions, collecting data, and interpreting results. Facilitators from the Université de Montréal provided methodological support. The evaluation emphasized stakeholder empowerment, ownership of findings, and immediate application of results to strengthen programs and advocacy efforts."", ""cell"": ""C6""}]","[{""value"": ""Université de Montréal"", ""cell"": ""D6""}]","[{""value"": ""Anonymous community organization in Canada -  Urban neighborhood undergoing gentrification in Canada; local Community Economic Development (CED) organization"", ""cell"": ""E6""}]","[{""value"": ""Evaluation conducted over 15 months"", ""cell"": ""J6""}]","[{""value"": ""Organization staff, board members, community stakeholders, project users (beneficiaries)"", ""cell"": ""K6""}]","[{""value"": ""Facilitators and co-learners; provided methodological guidance while allowing stakeholders to control evaluation focus and interpretation\n"", ""cell"": ""L6""}]","[{""value"": ""Qualitative and Quantitative"", ""cell"": ""M6""}]","[{""value"": ""interview transcripts"", ""cell"": ""N6""}, {""value"": ""organizational documents"", ""cell"": ""N7""}, {""value"": ""meeting records"", ""cell"": ""N8""}, {""value"": ""user feedback"", ""cell"": ""N9""}]","[{""value"": ""High – participatory governance structure, multiple stakeholder interests, organizational change dynamics"", ""cell"": ""O6""}]","[{""value"": ""early 1990s"", ""cell"": ""P6""}]","[{""value"": ""Papineau, D., & Kiely, M. C. (1995). Participatory evaluation in a community organization: fostering stakeholder empowerment and utilization. Evaluation and Program Planning, 18(1), 79–93."", ""cell"": ""Q6""}]"
P03,Participatory evaluation,Participatory evaluation cases.xlsx,Participatory Evaluation cases,10,13,"[{""value"": ""3. County Day Care Council"", ""cell"": ""A10""}]","[{""value"": ""Experiment/Service Improvement in Childcare"", ""cell"": ""B10""}]","[{""value"": ""A participatory evaluation conducted with a county day care council, involving directors and council members in framing questions, collecting data, and interpreting results collaboratively. The evaluation aimed to improve the coordination and effectiveness of childcare services and to enhance the council’s public image. The process prioritized stakeholder empowerment and practical use of findings.\n"", ""cell"": ""C10""}]","[{""value"": ""Local County Day Care Council (specific institution anonymized)"", ""cell"": ""D10""}]","[{""value"": ""County-level network of daycare centers, United States"", ""cell"": ""E10""}]","[{""value"": ""Conducted over approximately one year (specific months not stated)"", ""cell"": ""J10""}]","[{""value"": ""Directors of daycare centers, council members, community stakeholders"", ""cell"": ""K10""}]","[{""value"": ""Facilitator, methodological coach, supporter of stakeholder-driven evaluation"", ""cell"": ""L10""}]","[{""value"": ""Primarily qualitative"", ""cell"": ""M10""}]","[{""value"": ""stakeholder perspectives"", ""cell"": ""N10""}, {""value"": ""simple aggregated survey data"", ""cell"": ""N11""}]","[{""value"": ""Medium – networked service organizations, moderate organizational complexity"", ""cell"": ""O10""}]","[{""value"": ""Early 1980s"", ""cell"": ""P10""}]","[{""value"": ""Greene, J. C. (1986). Participatory Evaluation and the Evaluation of Social Programs: Lessons Learned from the Field. Evaluation Review, 10(3), 372–387."", ""cell"": ""Q10""}]"
P04,Participatory evaluation,Participatory evaluation cases.xlsx,Participatory Evaluation cases,14,17,"[{""value"": ""4. City Youth Bureau"", ""cell"": ""A14""}]","[{""value"": ""Experiment/Youth Services Program"", ""cell"": ""B14""}]","[{""value"": ""A participatory evaluation with a municipal youth bureau aimed at assessing the effectiveness of youth programs. Staff members collaboratively identified evaluation questions, collected data, and interpreted findings, which directly informed the restructuring of youth activities to better meet local needs. The process was structured to empower staff ownership of both the evaluation and subsequent program improvements.\n"", ""cell"": ""C14""}]","[{""value"": ""Municipal City Youth Bureau (specific city anonymized)"", ""cell"": ""D14""}]","[{""value"": ""Urban municipal youth services bureau, United States"", ""cell"": ""E14""}]","[{""value"": ""Conducted over about one year (specific months not stated)"", ""cell"": ""J14""}]","[{""value"": ""Bureau staff, youth workers, youth program coordinators"", ""cell"": ""K14""}]","[{""value"": ""Facilitator, guide for participatory processes, analysis support"", ""cell"": ""L14""}]","[{""value"": ""Qualitative "", ""cell"": ""M14""}]","[{""value"": ""staff-generated data"", ""cell"": ""N14""}, {""value"": ""program participation metrics"", ""cell"": ""N15""}, {""value"": ""stakeholder reflections\n"", ""cell"": ""N16""}]","[{""value"": ""Medium – municipal bureaucracy context, multi-program environment"", ""cell"": ""O14""}]","[{""value"": ""Early 1980s"", ""cell"": ""P14""}]","[{""value"": ""Greene, J. C. (1986). Participatory Evaluation and the Evaluation of Social Programs: Lessons Learned from the Field. Evaluation Review, 10(3), 372–387.\n"", ""cell"": ""Q14""}]"
P05,Participatory evaluation,Participatory evaluation cases.xlsx,Participatory Evaluation cases,18,21,"[{""value"": ""5. Participatory Monitoring & Evaluation Workshop in Siaya"", ""cell"": ""A18""}]","[{""value"": ""Workshop"", ""cell"": ""B18""}]",[],"[{""value"": ""CARE/Kenya – SHEWAS Project, with support from PROWWESS (RWSG-EA), KWAHO, NETWAS, Western Kenya-Finland Western Water Supply Program"", ""cell"": ""D18""}]","[{""value"": ""Siaya, Western Kenya (rural communities)"", ""cell"": ""E18""}]","[{""value"": ""February 1992"", ""cell"": ""J18""}]","[{""value"": ""Staff of SHEWAS, local PRA team members, community representatives, NGOs, local Ministry officers (Water Development, Health, Social Services)"", ""cell"": ""K18""}]","[{""value"": ""Facilitators (Ron Sawyer, Rose Mulama, and network trainers) designed and led participatory workshops and capacity building"", ""cell"": ""L18""}]","[{""value"": ""Qualitative "", ""cell"": ""M18""}]","[{""value"": ""workshop discussions"", ""cell"": ""N18""}, {""value"": ""participatory tool applications"", ""cell"": ""N19""}, {""value"": ""community feedback"", ""cell"": ""N20""}]","[{""value"": ""High – multi-stakeholder, rural marginalization, participatory method refinement"", ""cell"": ""O18""}]","[{""value"": 1992, ""cell"": ""P18""}]","[{""value"": ""Narayan, D. (1994). Participatory evaluation: Tools for managing change in water and sanitation (World Bank Technical Paper WTP 20; World Bank Technical Paper|no. WTP 207 Washington, DC : The World Bank.). World Bank technical paper|no. WTP 207 Washington, DC : The World Bank. https://documents.worldbank.org/en/publication/documents-reports/documentdetail/en/663531468779670401"", ""cell"": ""Q18""}]"
P06,Participatory evaluation,Participatory evaluation cases.xlsx,Participatory Evaluation cases,22,25,"[{""value"": ""6. Kiddie Focus Groups – Nature Center Planning"", ""cell"": ""A22""}]","[{""value"": ""Methods"", ""cell"": ""B22""}]","[{""value"": ""Child-centered focus groups and surveys were used to collect input for the design of a new nature center, allowing children's voices to directly shape interpretive planning goals.\n"", ""cell"": ""C22""}]","[{""value"": ""Department of Educational Policy and Administration, University of Minnesota"", ""cell"": ""D22""}]","[{""value"": ""Planning for a children's nature center, USA"", ""cell"": ""E22""}]","[{""value"": ""No data"", ""cell"": ""J22""}]","[{""value"": ""Children visiting various parks and centers"", ""cell"": ""K22""}]","[{""value"": ""Facilitators and observers of child discussions and experiences\n"", ""cell"": ""L22""}]","[{""value"": ""Qualitative"", ""cell"": ""M22""}]","[{""value"": ""focus group discussions"", ""cell"": ""N22""}, {""value"": ""observational feedback"", ""cell"": ""N23""}]","[{""value"": ""Medium"", ""cell"": ""O22""}]","[{""value"": ""2000s "", ""cell"": ""P22""}]","[{""value"": ""Christensen, L., Nielsen, J. E., Rogers, C. M., & Volkov, B. (2005). Creative Data Collection in Nonformal Settings. New Directions for Evaluation. https://doi.org/10.1002/ev.172"", ""cell"": ""Q22""}]"
P07,Participatory evaluation,Participatory evaluation cases.xlsx,Participatory Evaluation cases,26,29,"[{""value"": ""7, Naive Notions – Franklin Institute Science Museum"", ""cell"": ""A26""}]","[{""value"": ""Methods"", ""cell"": ""B26""}]","[{""value"": ""Creative evaluation methods were used to identify and correct visitor misconceptions, leading to the iterative redesign of science exhibits at the Franklin Institute.\n"", ""cell"": ""C26""}]","[{""value"": ""Franklin Institute Science Museum"", ""cell"": ""D26""}]","[{""value"": ""Science museum, USA"", ""cell"": ""E26""}]","[{""value"": ""Exhibit development cycle"", ""cell"": ""J26""}]","[{""value"": ""Museum visitors"", ""cell"": ""K26""}]","[{""value"": ""Interviewers, prototype facilitators, data analysts"", ""cell"": ""L26""}]","[{""value"": ""Qualitative"", ""cell"": ""M26""}]","[{""value"": ""interviews"", ""cell"": ""N26""}, {""value"": ""Comparative assessment"", ""cell"": ""N27""}]","[{""value"": ""Medium"", ""cell"": ""O26""}]","[{""value"": 1990, ""cell"": ""P26""}]","[{""value"": ""Christensen, L., Nielsen, J. E., Rogers, C. M., & Volkov, B. (2005). Creative Data Collection in Nonformal Settings. New Directions for Evaluation. https://doi.org/10.1002/ev.172"", ""cell"": ""Q26""}]"
P08,Participatory evaluation,Participatory evaluation cases.xlsx,Participatory Evaluation cases,30,32,"[{""value"": ""8, Archival Data – Botanical Gardens Analysis"", ""cell"": ""A30""}]","[{""value"": ""Methods"", ""cell"": ""B30""}]","[{""value"": ""Wells and Butler (2004) demonstrated the use of archival data, such as guest books, gift shop purchases linked to postal codes, and donation records, as an unobtrusive way to gather demographic and spatial information. By analyzing these records, evaluators could assess audience reach, demographic diversity, and program alignment with target communities, without relying on direct visitor surveys.\n"", ""cell"": ""C30""}]","[{""value"": ""Not specified"", ""cell"": ""D30""}]","[{""value"": ""Gardens, museums, visitor programs (generalizable to nonformal education settings)"", ""cell"": ""E30""}]","[{""value"": ""No data"", ""cell"": ""J30""}]","[{""value"": ""Indirectly — visitors whose actions generated archival records (guest book signers, gift shop purchasers, donors)"", ""cell"": ""K30""}]","[{""value"": ""Analysts of pre-existing data; non-intrusive evaluators"", ""cell"": ""L30""}]","[{""value"": ""Quantitative"", ""cell"": ""M30""}, {""value"": ""Qualitative"", ""cell"": ""M31""}]","[{""value"": ""archival records"", ""cell"": ""N30""}, {""value"": ""archival records"", ""cell"": ""N31""}]","[{""value"": ""Medium"", ""cell"": ""O30""}]","[{""value"": 2004, ""cell"": ""P30""}]","[{""value"": ""Christensen, L., Nielsen, J. E., Rogers, C. M., & Volkov, B. (2005). Creative Data Collection in Nonformal Settings. New Directions for Evaluation. https://doi.org/10.1002/ev.172"", ""cell"": ""Q30""}]"
P09,Participatory evaluation,Participatory evaluation cases.xlsx,Participatory Evaluation cases,33,37,"[{""value"": ""9. Post-it Surveys – Bradbury Museum"", ""cell"": ""A33""}]","[{""value"": ""Methods"", ""cell"": ""B33""}]","[{""value"": ""Judy Machen at the Bradbury Science Museum implemented Post-it Surveys as an open-ended creative evaluation method to gather visitor feedback about scientific exhibits. Using easel boards, sticky notes, and informal prompts, visitors provided real-time insights, often engaging in peer dialogue. Data collected were compiled and used to directly inform exhibit redesigns, improving content relevance and visitor engagement.\n"", ""cell"": ""C33""}]","[{""value"": ""Bradbury Science Museum, Los Alamos, New Mexico"", ""cell"": ""D33""}]","[{""value"": ""Science museum lobby area (nonformal education setting)"", ""cell"": ""E33""}]","[{""value"": ""Continuous during exhibit periods"", ""cell"": ""J33""}]","[{""value"": ""Museum visitors"", ""cell"": ""K33""}]","[{""value"": ""Designed prompts, facilitated material setup, compiled and analyzed responses"", ""cell"": ""L33""}]","[{""value"": ""Qualitative "", ""cell"": ""M33""}]","[{""value"": ""visitor written responses"", ""cell"": ""N33""}, {""value"": ""informal peer-generated interactions"", ""cell"": ""N34""}]","[{""value"": ""Medium"", ""cell"": ""O33""}]","[{""value"": ""No data"", ""cell"": ""P33""}]","[{""value"": ""Christensen, L., Nielsen, J. E., Rogers, C. M., & Volkov, B. (2005). Creative Data Collection in Nonformal Settings. New Directions for Evaluation. https://doi.org/10.1002/ev.172"", ""cell"": ""Q33""}]"
P10,Participatory evaluation,Participatory evaluation cases.xlsx,Participatory Evaluation cases,38,41,"[{""value"": ""10. Talk Aloud – Museum Exhibit Evaluation"", ""cell"": ""A38""}]","[{""value"": ""Methods"", ""cell"": ""B38""}]","[{""value"": ""The Talk Aloud method, involves guiding participants to verbalize their immediate thoughts, perceptions, and emotional reactions while engaging with exhibits. This creative, participatory technique supports both formative and summative evaluation by capturing subjective experiences in real time, offering valuable insights for improving program design and assessing goal achievement.\n"", ""cell"": ""C38""}]","[{""value"": ""Not specified"", ""cell"": ""D38""}]","[{""value"": ""Museums and nonformal education settings (USA)"", ""cell"": ""E38""}]","[{""value"": ""Immediate walkthroughs during exhibitions or programs\n"", ""cell"": ""J38""}]","[{""value"": ""Museum or program participants (visitors)"", ""cell"": ""K38""}]","[{""value"": ""Facilitator and prompter of participant verbalizations; observer and recorder"", ""cell"": ""L38""}]","[{""value"": ""Qualitative"", ""cell"": ""M38""}]","[{""value"": ""verbal data from participant reflections"", ""cell"": ""N38""}]","[{""value"": ""Medium"", ""cell"": ""O38""}]","[{""value"": 2005, ""cell"": ""P38""}]","[{""value"": ""Christensen, L., Nielsen, J. E., Rogers, C. M., & Volkov, B. (2005). Creative Data Collection in Nonformal Settings. New Directions for Evaluation. https://doi.org/10.1002/ev.172"", ""cell"": ""Q38""}]"
P11,Participatory evaluation,Participatory evaluation cases.xlsx,Participatory Evaluation cases,42,42,"[{""value"": ""11. Design-Orienting Scenarios"", ""cell"": ""A42""}]","[{""value"": ""Mathodology"", ""cell"": ""B42""}]","[{""value"": ""stories of the future that are motivated, illustrated, and visualized through specific solutions. Based on actionable opportunities organized in a consistent way, DOS can help to identify, define, and co-design transformative projects, while outlining roles, values, and capabilities of the different actors. Therefore, they are processes rather than fixed artifacts, and are collaborative processes. The nature of DOS is intrinsically explorative, yet they are processes often complemented by predictive parts linked to specific “what if questions”, and integrated by normative parts, whose aim is to define specific targets to reach."", ""cell"": ""C42""}]",[],[],[],[],[],[],[],[],[],[]
